{"images/1.png":["images/1.png"],"images/10.png":["images/10.png"],"images/11.png":["images/11.png"],"images/12.png":["images/12.png"],"images/13.png":["images/13.png"],"images/14.png":["images/14.png"],"images/2.png":["images/2.png"],"images/3.png":["images/3.png"],"images/4.png":["images/4.png"],"images/5.png":["images/5.png"],"images/6.png":["images/6.png"],"images/7.png":["images/7.png"],"images/8.png":["images/8.png"],"images/9.png":["images/9.png"],"images/aprovado.png":["images/aprovado.png"],"images/card-normal.jpg":["images/card-normal.jpg"],"images/card-reverso.jfif":["images/card-reverso.jfif"],"images/host.png":["images/host.png"],"images/reprovado.png":["images/reprovado.png"],"packages/cupertino_icons/assets/CupertinoIcons.ttf":["packages/cupertino_icons/assets/CupertinoIcons.ttf"]}